{"(0, 241)":0.0344827586,"(6, 651)":0.0344827586,"(22, 997)":0.0344827586,"(37, 2008)":0.0344827586,"(48, 2407)":0.0344827586,"(65, 2626)":0.0344827586,"(126, 1332)":0.0344827586,"(135, 3089)":0.0344827586,"(277, 2883)":0.0344827586,"(331, 3963)":0.0344827586,"(376, 3314)":0.0344827586,"(390, 4104)":0.0344827586,"(519, 4955)":0.0344827586,"(611, 5338)":0.0344827586,"(678, 5151)":0.0344827586,"(781, 5216)":0.0344827586,"(1059, 7134)":0.0344827586,"(1115, 5179)":0.0344827586,"(1260, 6084)":0.0344827586,"(1566, 6829)":0.0344827586,"(2194, 8391)":0.0344827586,"(2704, 9356)":0.0344827586,"(3512, 10318)":0.0344827586,"(4069, 10651)":0.0344827586,"(4329, 10625)":0.0344827586,"(4637, 10942)":0.0344827586,"(4676, 10568)":0.0344827586,"(5059, 11238)":0.0344827586,"(5386, 11037)":0.0344827586}