{"(0, 241)":0.0344827586,"(6, 645)":0.0344827586,"(22, 975)":0.0344827586,"(37, 1971)":0.0344827586,"(48, 2359)":0.0344827586,"(65, 2561)":0.0344827586,"(126, 1206)":0.0344827586,"(135, 2954)":0.0344827586,"(277, 2606)":0.0344827586,"(331, 3632)":0.0344827586,"(376, 2938)":0.0344827586,"(390, 3714)":0.0344827586,"(519, 4436)":0.0344827586,"(611, 4727)":0.0344827586,"(678, 4473)":0.0344827586,"(781, 4435)":0.0344827586,"(1059, 6075)":0.0344827586,"(1115, 4064)":0.0344827586,"(1260, 4824)":0.0344827586,"(1566, 5263)":0.0344827586,"(2194, 6197)":0.0344827586,"(2704, 6652)":0.0344827586,"(3512, 6806)":0.0344827586,"(4069, 6582)":0.0344827586,"(4329, 6296)":0.0344827586,"(4637, 6305)":0.0344827586,"(4676, 5892)":0.0344827586,"(5059, 6179)":0.0344827586,"(5386, 5651)":0.0344827586}