{"(241, 0)":0.0344827586,"(645, 6)":0.0344827586,"(975, 22)":0.0344827586,"(1206, 126)":0.0344827586,"(1971, 37)":0.0344827586,"(2359, 48)":0.0344827586,"(2561, 65)":0.0344827586,"(2606, 277)":0.0344827586,"(2938, 376)":0.0344827586,"(2954, 135)":0.0344827586,"(3632, 331)":0.0344827586,"(3714, 390)":0.0344827586,"(4064, 1115)":0.0344827586,"(4435, 781)":0.0344827586,"(4436, 519)":0.0344827586,"(4473, 678)":0.0344827586,"(4727, 611)":0.0344827586,"(4824, 1260)":0.0344827586,"(5263, 1566)":0.0344827586,"(5651, 5386)":0.0344827586,"(5892, 4676)":0.0344827586,"(6075, 1059)":0.0344827586,"(6179, 5059)":0.0344827586,"(6197, 2194)":0.0344827586,"(6296, 4329)":0.0344827586,"(6305, 4637)":0.0344827586,"(6582, 4069)":0.0344827586,"(6652, 2704)":0.0344827586,"(6806, 3512)":0.0344827586}