{"(1896, 241)":0.0344827586,"(1900, 975)":0.0344827586,"(1904, 645)":0.0344827586,"(1908, 1971)":0.0344827586,"(1912, 2359)":0.0344827586,"(1920, 2561)":0.0344827586,"(1924, 2954)":0.0344827586,"(1928, 2606)":0.0344827586,"(1932, 1206)":0.0344827586,"(1936, 3632)":0.0344827586,"(1948, 3714)":0.0344827586,"(1952, 4436)":0.0344827586,"(1956, 2938)":0.0344827586,"(1960, 4727)":0.0344827586,"(1964, 4473)":0.0344827586,"(1968, 4435)":0.0344827586,"(1972, 6075)":0.0344827586,"(1976, 4824)":0.0344827586,"(1980, 4064)":0.0344827586,"(1984, 5263)":0.0344827586,"(1988, 6197)":0.0344827586,"(1992, 6652)":0.0344827586,"(1996, 6806)":0.0344827586,"(2000, 6582)":0.0344827586,"(2004, 6296)":0.0344827586,"(2008, 6305)":0.0344827586,"(2012, 5892)":0.0344827586,"(2016, 6179)":0.0344827586,"(2020, 5651)":0.0344827586}